employee_id,first_name,last_name,department,email,phone,status,salary,joining_date,termination_date,address
1001,Lydia,Brown,Marketing,user_no_domain,771.474.7018,Terminated,6409,2022-07-14,2025-10-10,"5771 Diana Unions
North Richard, IL 45379"
1002,Kathryn,Barnett,Sales,coxraymond@example.org,662-956-4604x14592,Active,3705,2022-12-13,,"1728 James Loaf
Davidchester, GA 78043"
1003,Michael,Silva,Finance,haydenalex@example.com,(394)387-1194x172,Terminated,4025,2025-04-24,2021-11-26,"868 Alyssa Hollow
Rachelhaven, AZ 95339"
1004,Emily,Eaton,HR,vclark@example.net,458-293-6436,Active,5858,2024-02-26,,"7232 Jackson Neck Apt. 673
Palmermouth, NY 56046"
1005,Dennis,Thomas,Engineering,ggardner@example.com,274.441.6444,Terminated,5774,2021-06-08,2023-01-19,"614 Cole Fords
Christopherport, HI 09695"
1006,Rachel,Robinson,Ops,reynoldscheryl@example.com,864-337-8003x65292,Terminated,8348,2023-10-21,2022-08-27,"4858 Zhang Inlet Suite 453
Cynthiamouth, MA 79546"
1007,Marisa,Burgess,Sales,eric44@example.net,(279)310-4696x467,Terminated,7921,2022-01-03,2023-09-15,"637 Dean Brook
Landryside, MD 09138"
1008,Angie,Brown,Sales,guerreroashley@example.com,(274)832-4272,Terminated,$7516,2025-07-07,2021-08-26,"718 Osborne Inlet Suite 504
Dennisfurt, MH 33641"
1009,Christopher,Thomas,Marketing,user_no_domain,(909)246-9192x546,Active,4500,2021-09-27,,"Unit 2994 Box 1506
DPO AE 21262"
1010,Mary,George,Legal,rebecca47@example.com,(903)540-9177x669,Terminated,6179,2024-01-14,2021-12-02,"6707 Judith Extensions Suite 518
New Briantown, WI 11860"
1011,Dennis,Lopez,Sales,powellkristy@example.com,+1-277-766-4858x8890,Terminated,9750,2023-10-12,2022-06-04,"USCGC Drake
FPO AA 22987"
1012,Phillip,Byrd,Engineering,angelawright@example.com,001-519-267-0554x661,Active,$9935,2024-04-10,,"256 Rebecca Street
Stephanieside, VT 62867"
1013,Gregory,Kelly,Finance,frankjasmine@example.org,3258064716,Terminated,4058,2024-06-22,2023-08-13,"603 Underwood Avenue Apt. 891
North Sherrybury, DE 99511"
1014,Michael,Johns,Legal,taylor61@example.org,001-444-600-0900x7381,Terminated,5404,2025-11-22,2024-01-26,"388 Amanda Via
Casestad, TN 74109"
1015,Steve,Stewart,Sales,brianna18@example.org,406.885.1128,Terminated,6874,2022-12-12,2022-05-09,"64771 Raymond Cliff
South Abigail, PA 19833"
1016,Jeffrey,Brewer,Sales,donald22@example.com,638.512.3863x55431,Active,8626,2021-09-23,,"Unit 1205 Box 0652
DPO AA 24286"
1017,Michelle,Sanchez,Finance,tylergross@example.com,546.659.1203,Terminated,3424,2021-02-07,2024-10-14,"474 Emma Lane
Lake Crystalhaven, IA 66338"
1018,Andrew,Greene,Sales,lauren46@example.net,663-218-9728x3621,Active,$9387,2023-09-07,,"7216 Rachael Spring
Lake Stephaniemouth, IN 70007"
1019,Nathan,Soto,Ops,garzaeric@example.net,4216607029,Terminated,9050,2023-09-05,2025-10-25,"4168 Monica Loaf
Horneburgh, OH 31125"
1020,Marcus,Johnson,Ops,codysmith@example.net,964-803-3682,Terminated,4904,2024-07-07,2021-12-10,"601 Patricia Mews Apt. 387
Olsonfort, ND 42248"
1021,Robert,Bailey,Legal,mhutchinson@example.org,946.292.8009x7479,Terminated,8685,2024-02-18,2022-11-13,"05532 Sara River Apt. 743
Alexton, KY 43968"
1022,Stacy,Hunter,Marketing,jenniferclark@example.org,9989210491,Terminated,10143,2024-06-19,2022-12-05,"62072 Knight Path Apt. 109
East Alexismouth, TX 02081"
1023,Robert,Ramirez,Engineering,jason91@example.com,(750)960-1436x915,Active,5002,2021-10-14,,"45154 Hernandez Wall
West Robertview, MH 09019"
1024,Daniel,Dixon,Legal,tylersmith@example.net,(760)844-6854,Active,8203,2021-04-15,,"4054 David Mission Suite 915
East Ricardo, ND 47772"
1025,Debbie,Rich,HR,alexandersmall@example.org,(690)256-2344x1296,Terminated,8563,2022-01-17,2021-10-07,"PSC 5390, Box 9320
APO AA 76310"
1026,Debra,Juarez,Finance,pamelasmith@example.com,001-962-908-8234x36029,Terminated,6303,2023-01-16,2024-11-19,"82909 Freeman Fords
Port Erica, MI 54221"
1027,Jessica,Booth,Marketing,autumnmitchell@example.org,+1-553-551-6248x74190,Terminated,6142,2023-12-28,2025-08-25,"660 Rivera Views
East Matthewburgh, NH 12888"
1028,Andrea,Wilson,Sales,user_no_domain,(621)464-3950x63999,Terminated,8621,2021-06-01,2022-07-22,"858 Smith Well
Lake Laura, MP 70772"
1029,Elizabeth,Garcia,HR,james10@example.org,+1-302-598-0096,Terminated,7142,2025-10-17,2024-07-26,"Unit 6641 Box 2098
DPO AA 08978"
1030,Stephanie,Rojas,HR,zschmidt@example.org,(607)262-1978x273,Terminated,6870,2025-08-29,2022-01-17,"1806 Lambert Alley Suite 957
West Leahmouth, WA 25247"
1031,Rebecca,Walters,HR,joseph02@example.net,001-422-297-9353x12608,Terminated,3840,2022-07-31,2023-02-02,"4272 Schroeder Points Apt. 384
Lake Jeanburgh, DC 36732"
1032,Jeffrey,Flowers,Marketing,olivermiranda@example.org,(818)735-3710,Active,6048,2021-04-11,,"0949 Green Park Apt. 811
Kurtport, AS 30487"
1033,Nicholas,Hinton,Ops,blakelambert@example.org,568-605-0671x09527,Active,5300,2024-07-08,,"47525 Brian Creek Apt. 753
Haydenton, MS 15136"
1034,Michael,Porter,Finance,ygates@example.org,001-230-519-5731x611,Terminated,7620,2025-07-21,2024-06-04,"73825 Morris Village
East Charles, MH 85171"
1035,Leonard,Mata,Marketing,user_no_domain,502.336.7833,Terminated,3757,2022-09-07,2024-12-02,"8546 Romero Village
Burtonberg, NJ 69455"
1036,Gregory,Bond,Sales,michael53@example.net,347.584.0450x2465,Active,6530,2024-08-19,,"16596 Kelly Overpass
Bakertown, UT 34749"
1037,Hannah,Rodgers,Legal,taylor08@example.net,001-285-783-3633,Terminated,9121,2022-08-10,2022-03-18,"518 Robertson Row
South Ashleyport, PA 71293"
1038,Christopher,Owens,Engineering,laura96@example.net,306.516.4844,Active,6404,2025-06-19,,"83454 Evan Square Suite 070
Port Joelmouth, DE 08199"
1039,Tara,Taylor,Legal,maldonadomary@example.net,(240)503-8735,Terminated,$5669,2022-02-07,2023-09-22,"45832 Howard Trail
South Briannashire, MH 68754"
1040,Jeffery,Alexander,Finance,user_no_domain,374-361-1321,Active,6671,2022-03-22,,"458 Day Rapid Suite 043
West Colintown, VT 88121"
1041,Jeffrey,Smith,Legal,laurie57@example.org,(952)494-0765x193,Active,6651,2021-06-02,,"59780 Ricardo Club Apt. 781
East John, AL 20228"
1042,Logan,Day,Ops,samuelwhite@example.com,+1-307-866-0838x92382,Active,6337,2024-06-12,,"2809 Moore Manor Apt. 875
South Shannon, RI 79148"
1043,Rita,Mcdonald,Marketing,user_no_domain,504.711.7577,Active,7070,2021-06-27,,"55573 Hooper Throughway
Port James, WI 68890"
1044,Alexander,Deleon,Sales,keith62@example.com,774-248-0990x46814,Terminated,5351,2023-10-23,2023-10-17,"19985 Dennis Forks
Bergstad, DC 99924"
1045,Joseph,Haas,Sales,nnorton@example.net,001-226-284-4679x5103,Active,5415,2022-06-10,,"77628 Jasmin Summit
Port Thomas, HI 41417"
1046,Lisa,Rodriguez,Finance,nicholsmegan@example.com,576.231.2609x0778,Active,8119,2021-04-18,,"0398 Melissa Fords
Johnfort, DE 74491"
1047,Jeffery,Sullivan,Ops,taylorkevin@example.net,3213122787,Terminated,9150,2025-01-11,2025-09-05,"13205 Ryan Cove Apt. 253
Port Kevintown, MN 42860"
1048,Robert,Huynh,Engineering,angela15@example.com,001-650-603-5278x622,Active,8759,2021-01-24,,"USNS Vasquez
FPO AA 03635"
1049,Stephen,Kelly,Finance,amanda30@example.com,+1-709-925-4238,Terminated,6540,2026-01-08,2021-04-10,"37152 Marquez Manor
Juliaside, MH 86422"
1050,Dominique,Garza,Sales,bcastillo@example.com,334.866.3266x9952,Active,3731,2025-09-26,,"7328 Thompson Greens Apt. 504
Irwintown, CO 30284"
1051,Andrew,Johnson,Marketing,crobinson@example.com,270-243-9558x743,Active,8940,2022-04-02,,"167 Samantha Crossing Apt. 804
Balltown, NM 45267"
1052,Danielle,Mitchell,Engineering,tperez@example.com,001-575-509-6607x14106,Active,7928,2022-02-23,,"4054 Thompson Pines Suite 002
Port Laura, KY 28691"
1053,Bob,Smith,Legal,frederickbrittany@example.net,+1-521-610-4883,Terminated,$4723,2023-08-10,2023-08-23,"845 Wanda Island Apt. 375
Jameston, FL 14312"
1054,Lisa,Joseph,HR,kylegonzalez@example.net,001-276-560-6781x2462,Active,$5549,2022-11-17,,"USS Jensen
FPO AA 22147"
1055,Zachary,Leblanc,Finance,shawngreene@example.net,9516186454,Terminated,9955,2025-04-24,2021-08-03,"690 Lauren Cove Apt. 192
East Danielle, VA 47315"
1056,Amanda,Oconnor,Engineering,bnielsen@example.net,(224)555-5437x14316,Active,4784,2021-12-29,,"8823 Freeman Expressway
Jacksonmouth, WI 72926"
1057,Justin,Campos,Engineering,user_no_domain,001-793-771-5383x8189,Terminated,5863,2022-01-19,2022-05-22,"006 Robert Point Suite 400
Davidland, VI 62342"
1058,Taylor,Campbell,Engineering,morrisnathan@example.net,001-512-591-9346x525,Terminated,6702,2024-11-26,2023-06-07,"827 Gibson Causeway Apt. 353
West Kaylee, FM 71962"
1059,Jennifer,Carter,Legal,thorntonamanda@example.org,398.404.4401x0348,Active,8663,2024-06-06,,"70435 Patricia Land
Matthewside, AZ 08992"
1060,Dominique,Rodriguez,Engineering,zachary07@example.net,444-821-6911x837,Terminated,7208,2023-01-02,2024-09-05,"1618 Amanda Park
South Catherine, CA 03019"
1061,Michael,Rosales,Finance,andersonrichard@example.net,001-609-343-7724x241,Terminated,8224,2021-09-10,2021-02-28,"447 William Inlet
South Charles, RI 46877"
1062,Cynthia,Caldwell,HR,daltongarcia@example.org,281-942-9363x14554,Terminated,9478,2024-07-16,2024-09-29,"1350 John Path
South Sydney, PW 29913"
1063,Kimberly,Hayden,Ops,kathryn92@example.org,(216)688-9966x493,Active,4121,2024-10-11,,"894 Jonathan Coves
Alexandershire, MO 70685"
1064,Michelle,Flores,Legal,robyn91@example.org,(396)419-5460x235,Active,4924,2024-11-18,,"5777 Kelly Lake Apt. 708
North Frank, GA 27487"
1065,Lee,Kim,Engineering,user_no_domain,868.821.8324x908,Active,7098,2021-06-19,,"25736 Denise Course Apt. 401
South Ana, KY 83698"
1066,William,Chapman,Sales,cameron56@example.com,(273)252-9240,Active,8733,2025-12-18,,"316 Jessica Point
New Michellehaven, TN 39208"
1067,Kimberly,Riley,Ops,roberthayes@example.org,421-443-9037x40000,Terminated,8631,2023-11-26,2022-07-22,"Unit 8206 Box 8210
DPO AP 88178"
1068,Mark,Nelson,HR,bradgilbert@example.com,+1-636-350-3060x5539,Active,4171,2024-04-28,,"344 Herrera Place
South Renee, MO 25268"
1069,Claudia,Gonzalez,Legal,gabriellamb@example.com,3112600682,Terminated,7235,2022-08-27,2021-08-11,"501 Joseph Corners Apt. 827
South Angelaborough, MI 72889"
1070,Gregory,Morrow,Finance,phyllis75@example.com,+1-736-859-1244x46528,Active,6181,2021-04-12,,"93685 James Trail
Olsenstad, AR 97666"
1071,Joyce,Shepard,Ops,katherinegutierrez@example.org,001-681-911-8497x9055,Active,5575,2024-02-13,,"579 Susan Mountains
Blairport, VT 35508"
1072,Julie,Rice,Marketing,amanda49@example.com,574.456.5415,Active,9729,2023-03-29,,"23444 John Expressway Suite 920
Douglasport, MN 81947"
1073,Heidi,Stuart,HR,smartin@example.net,001-211-391-0389x628,Terminated,6421,2021-11-15,2023-05-09,"998 Frazier Corner
Lake Lisamouth, KS 36779"
1074,James,Atkinson,Legal,lisashields@example.com,609.407.4756,Active,8220,2025-05-13,,"Unit 6638 Box 0111
DPO AP 33499"
1075,Joseph,Johnson,Marketing,castrodaniel@example.org,851-506-4482x927,Active,$7329,2023-06-24,,"24094 Estrada Row Apt. 129
Andrewsview, MI 70769"
1076,Roger,Reynolds,Legal,user_no_domain,422.905.6672,Active,4315,2021-05-23,,"011 Garcia Villages
North Kayla, VA 74766"
1077,Ryan,Hardy,Finance,james66@example.com,624.663.1628x65135,Terminated,4571,2023-09-30,2023-08-26,"80635 Joseph Ridges Suite 795
Pagefort, FL 66348"
1078,Melanie,Diaz,Sales,samanthawilson@example.com,672-737-7339x055,Active,7593,2024-11-12,,"331 Kimberly Bypass Apt. 033
Smithburgh, MH 44119"
1079,Dawn,Flowers,HR,stephaniekeith@example.org,(444)402-5837x44133,Active,9315,2021-07-27,,"Unit 7247 Box 7407
DPO AP 65364"
1080,Kimberly,Moody,Legal,annettewilliamson@example.org,001-671-262-4863x3588,Active,$7866,2025-12-22,,"68215 Salinas Lake Suite 023
Bridgettown, NM 46176"
1081,Jessica,Hobbs,Engineering,jeffrey09@example.com,+1-398-619-0123x112,Active,5793,2025-09-30,,"947 Lozano Mall
West Christopherfurt, IA 45145"
1082,Kimberly,Welch,Marketing,brookehobbs@example.org,001-609-832-5114,Active,5148,2022-02-20,,"Unit 1996 Box 8721
DPO AP 18727"
1083,Amber,Bradley,Marketing,galexander@example.com,627-671-6787x744,Active,5674,2025-04-13,,"7247 Russell Skyway
Port Thomas, OH 69282"
1084,Amanda,Soto,Marketing,randyyoung@example.com,(450)832-4637x1773,Active,6404,2024-04-30,,"44882 Kelly Circles
Port Charles, IL 82692"
1085,Vanessa,Brooks,Sales,tonya32@example.net,(944)977-8260,Terminated,5516,2024-08-02,2023-11-23,"315 Jasmine Overpass Suite 312
Saundershaven, VI 48855"
1086,Sean,Schneider,Marketing,nguyenteresa@example.org,+1-259-237-1528x3116,Active,6380,2023-10-17,,"818 Shah Gardens Apt. 070
North Jonathan, UT 97914"
1087,Jesse,Johnson,Sales,qkrause@example.net,920.975.3900x835,Terminated,8301,2022-11-04,2023-10-02,"657 Michelle River Suite 088
Wardmouth, SC 48779"
1088,Lindsay,Hoover,Marketing,carsonnathan@example.net,+1-966-612-1112x50872,Active,$8107,2024-03-26,,"53031 Carol Estates Apt. 874
West Jessica, SC 54968"
1089,Savannah,Ward,Ops,bethanyhamilton@example.net,9713645535,Terminated,3648,2021-05-08,2022-08-27,"25529 Jacobs Land Suite 343
North Lindseyshire, TN 62436"
1090,Amy,Reid,Sales,ifox@example.net,(832)928-9460,Active,9690,2021-04-14,,"906 Davis Street
South Cristian, NJ 94639"
1091,Drew,Munoz,Legal,alexandrasavage@example.org,2307897619,Terminated,3150,2021-07-15,2023-06-11,"28391 Joel Stravenue
Lake Samanthastad, MD 16588"
1092,Anthony,Fox,HR,kimberlyanderson@example.com,3502874776,Terminated,4183,2021-07-06,2023-04-16,"21685 Lori Square
Port Christina, ID 50759"
1093,Shane,Collins,Legal,obrienjoseph@example.org,+1-920-617-8300x69387,Active,8248,2021-06-23,,"3395 Michael Spurs
Joannaborough, IN 96659"
1094,Ashley,Conner,Legal,bonnierobinson@example.org,+1-882-387-2075x05430,Active,9334,2022-10-13,,"1161 Ferguson Track Apt. 772
Angelafurt, NC 77002"
1095,Samantha,Tate,Ops,heathersnyder@example.net,635.510.6215x19091,Terminated,$4048,2025-06-19,2025-10-19,"0067 Oliver Hills Suite 490
East Shawn, NC 01251"
1096,James,Rivera,HR,nicholas01@example.net,(573)518-7794,Terminated,9965,2021-10-28,2021-10-30,"16446 Dorsey Way
South Dawnborough, NJ 62966"
1097,Alan,West,Ops,hshaw@example.com,530.528.8725,Terminated,6138,2023-07-18,2023-07-04,"PSC 7235, Box 9909
APO AA 31989"
1098,Steven,Jenkins,Marketing,brandonvargas@example.org,001-887-484-0545x9495,Active,9139,2021-08-26,,"71600 Rita Squares Apt. 080
West Rebecca, KY 28919"
1099,John,Morgan,Engineering,regina74@example.org,337.400.4540,Active,4246,2024-06-27,,"USNV Green
FPO AA 16960"
1100,Priscilla,Williams,HR,milleranthony@example.org,001-728-226-8631x235,Active,7169,2021-02-18,,"85203 Douglas Heights Suite 155
Hudsonhaven, WA 38235"
1101,Nathaniel,Armstrong,Sales,hscott@example.net,691.869.2271x045,Active,8264,2021-01-28,,"553 Martinez Summit Apt. 793
Brittanymouth, PW 43290"
1102,Kathryn,Ruiz,Sales,johnsonalexandra@example.com,001-822-900-3266x74193,Active,9252,2025-10-15,,"937 Reese Fords Suite 555
Victoriabury, WV 65960"
1103,Debra,Lane,Sales,heidiibarra@example.com,001-284-986-7771x754,Terminated,4781,2023-03-31,2023-11-06,"8798 Francis Corner
Brandiville, WI 32323"
1104,Catherine,Graham,Engineering,nmack@example.org,383.765.5989x880,Active,5595,2021-12-29,,"PSC 3344, Box 3831
APO AP 56178"
1105,Emily,Adkins,Legal,christyrobinson@example.org,642.223.7681x013,Active,5699,2023-01-23,,"41055 Lauren Run Apt. 451
New Ashleyview, AL 91248"
1106,Caleb,Silva,Finance,elizabethherman@example.com,393-692-2388x99512,Active,4971,2021-10-26,,"2617 Kennedy Summit
Drewborough, SD 52423"
1107,Samantha,Douglas,Legal,ganderson@example.com,(904)604-7135,Active,5888,2024-03-07,,"6456 Tyrone Loaf Suite 680
West Amy, AZ 35680"
1108,Laurie,Walker,Legal,hunter23@example.org,944-929-0821,Terminated,5369,2023-05-23,2025-03-19,"Unit 3451 Box 8665
DPO AA 39698"
1109,Lindsay,Allen,Sales,cainjames@example.net,001-552-953-2249x6670,Active,5243,2021-05-11,,"505 Diaz Turnpike
Reedside, MN 28060"
1110,Veronica,Knight,Legal,cwilliams@example.net,+1-585-992-2079x073,Terminated,10269,2024-09-07,2021-09-30,"3986 Wells Vista Apt. 127
North Andrewberg, ND 29720"
1111,Rodney,Bailey,Sales,user_no_domain,001-225-614-5338x02243,Active,5525,2023-12-15,,"02388 Chen Islands
Port Erin, MS 38021"
1112,Brian,Black,Legal,davisrichard@example.org,905.471.5368x20215,Terminated,9074,2024-05-09,2025-03-19,"62582 Martin Tunnel
Lake Adrianatown, DC 17659"
1113,Emily,Green,HR,user_no_domain,(569)430-6667,Terminated,6718,2025-01-18,2024-05-04,"458 Edwards Plaza
Beckburgh, AS 55689"
1114,Kimberly,Rogers,Finance,michaela06@example.com,001-202-225-0555,Terminated,9783,2023-04-04,2024-01-17,"9517 Sandra Bridge Suite 360
Powellland, CO 24965"
1115,Sherry,Smith,Marketing,danielstewart@example.net,452.682.8269x5218,Terminated,5351,2023-06-14,2022-12-30,"64760 Lewis Crescent
West Melissa, VA 56016"
1116,Ian,Richardson,Ops,cturner@example.net,(660)560-8930,Active,8628,2023-01-25,,"96299 Francisco Oval
New Bradley, ME 85276"
1117,Frederick,Wilcox,Finance,andrew96@example.com,805-544-8183x838,Active,5294,2021-04-19,,"85548 Ernest Spring
Colebury, RI 30006"
1118,Julie,Gallegos,Legal,imorgan@example.org,808-949-1609,Active,9738,2024-08-17,,"880 Lucas Avenue
Mitchellhaven, SC 24721"
1119,Jennifer,Lee,Sales,michele95@example.org,368-840-0046,Terminated,3681,2025-03-15,2021-01-21,"06835 Gaines Crest
New Diana, VI 66768"
1120,Timothy,May,Engineering,omarcummings@example.org,(707)425-0462,Terminated,7198,2024-02-06,2024-02-29,"5914 Washington Unions
South Danielleland, MT 51957"
1121,Michele,Scott,Engineering,hhouston@example.com,(864)515-9373x8426,Active,8269,2024-05-29,,"794 Caleb Mission Apt. 429
Dwaynefort, NC 11732"
1122,Crystal,Wells,HR,user_no_domain,363.974.4201x848,Active,5385,2025-09-05,,"2931 Anne Gateway Apt. 702
Lake Abigail, IN 51482"
1123,Laura,Washington,Sales,user_no_domain,210-345-7780x26962,Terminated,5597,2025-03-16,2021-02-16,"128 Ramirez Drive
West Shawn, NV 58385"
1124,Jessica,Duncan,Legal,vhenry@example.net,624.413.6216x860,Terminated,$8591,2022-05-05,2025-09-02,"2485 Ramsey Crossing Apt. 908
North Christianfort, MN 41933"
1125,Wendy,Murray,Ops,danny15@example.net,828-415-0127,Active,7829,2025-03-13,,"356 Hunt Mountain
Barrettmouth, TN 94582"
1126,Melanie,Harvey,Marketing,benjamin63@example.net,460.694.6595,Active,5381,2023-09-21,,"2627 Samantha Branch Apt. 247
Port Carlaton, VI 47731"
1127,Cory,Turner,Ops,qjimenez@example.net,(472)327-5015x2033,Active,8921,2022-12-18,,"61540 Juarez Prairie
Loriborough, AR 52405"
1128,Kathryn,Love,Legal,ndavenport@example.net,987.741.5737x00621,Active,4928,2025-06-29,,"9699 Rebecca Cape
Daughertystad, NM 85850"
1129,Diane,Larson,Ops,lmedina@example.com,340.298.6707x448,Terminated,5844,2024-08-13,2026-01-02,"16492 Robert Junctions
Port Carolberg, MO 20439"
1130,Eric,Warren,Finance,mariosandoval@example.com,(828)352-0834,Terminated,8666,2024-04-27,2023-06-30,"608 Brown Extensions
Port Alicia, CO 65047"
1131,Martha,Solis,Sales,bennettshawn@example.com,001-455-409-7033x2741,Active,5685,2024-03-14,,"2384 Mark Place Apt. 466
Andreaville, MN 56965"
1132,Regina,Goodwin,Sales,user_no_domain,+1-554-391-7094x0517,Terminated,5153,2023-09-26,2024-12-05,"742 Amy Fort
Bartonshire, OR 59213"
1133,Jesse,Wiggins,Sales,michaelfitzpatrick@example.net,785-964-0150x278,Terminated,3871,2025-11-09,2024-06-10,"989 Johnson Lane
West Lisafort, AS 66644"
1134,Pamela,Bryant,Legal,qmills@example.org,(650)252-1777x808,Terminated,3345,2025-10-04,2021-02-25,"1200 Sean Ramp Apt. 937
Christineside, NC 79148"
1135,Stephanie,Lee,Marketing,denise83@example.com,208-247-3976,Terminated,4637,2024-11-03,2023-07-06,"31259 Brittany Island
Caldwellburgh, DE 88006"
1136,Virginia,Atkins,Marketing,morganrachel@example.net,001-321-662-0552x31545,Terminated,6808,2023-12-31,2025-09-24,"2498 Stanley Parkways Suite 487
Lake Elizabethburgh, TN 78027"
1137,Stephanie,Brown,Legal,glopez@example.com,+1-363-769-6712x7404,Terminated,6020,2022-11-01,2024-08-08,"31680 Moses Ville
New Amandaberg, NJ 87522"
1138,Diane,Hess,HR,woodlance@example.net,439-976-7029x401,Terminated,4226,2021-06-16,2023-10-17,"Unit 8621 Box 1335
DPO AP 81757"
1139,Julie,Rogers,Finance,user_no_domain,680.728.2204,Terminated,11958,2022-11-05,2022-10-09,"603 Haynes Locks
North Lori, MN 10105"
1140,Ashley,Bray,Legal,rachelberry@example.org,+1-840-692-9204x8947,Terminated,6969,2021-03-01,2023-05-24,"Unit 4821 Box 0821
DPO AA 35965"
1141,Lisa,Snyder,Legal,kimberlyhensley@example.com,+1-389-376-6015x53781,Active,3789,2023-11-09,,"601 Jamie Walk Suite 530
South Rick, IL 72891"
1142,Michael,Mclaughlin,Legal,acastillo@example.net,745.971.4002x02193,Active,$7562,2024-06-28,,"9384 Jesse Field Apt. 847
Webermouth, ME 68920"
1143,Brandon,Clark,Engineering,loganchristopher@example.net,001-745-942-9184x58174,Active,6564,2025-10-01,,"7895 Munoz Fall Apt. 960
South Michael, UT 66840"
1144,Andrew,Kelley,Finance,barneslinda@example.com,2744724227,Active,3454,2023-03-17,,"7825 Brian Common
Harryside, OK 59246"
1145,Nicole,Simpson,Ops,leslie83@example.com,815-723-1586,Terminated,4335,2021-02-25,2022-06-12,"1545 Deanna Mills Apt. 076
Woodsmouth, LA 75910"
1146,Willie,Martin,Engineering,ericriley@example.com,(475)647-4991,Terminated,3429,2021-03-25,2022-05-07,"0940 Glenn Overpass
Gregoryfort, AS 78346"
1147,Ryan,Ross,Legal,jhicks@example.com,662-593-5630,Active,3199,2022-03-23,,"USNV Morgan
FPO AP 14713"
1148,Jamie,Morales,Marketing,tanyajuarez@example.net,+1-361-932-1220x580,Terminated,6724,2025-06-01,2025-08-06,"2200 Simmons Spring Apt. 433
East Garrett, WV 52684"
1149,Emily,Ramirez,Marketing,levyjonathan@example.org,001-500-881-3881,Terminated,6367,2025-02-22,2022-03-09,"9872 Fitzgerald Forges Apt. 915
Richardton, MS 46296"
1150,Karen,Beard,Sales,colleen39@example.org,511-413-3504x2069,Terminated,7218,2025-03-06,2024-12-10,"62250 Frost Ways
Ernestbury, ME 16046"
1151,Cody,Miller,Marketing,sotojohn@example.net,262.798.0696x70167,Active,7510,2024-10-05,,"57083 Winters Plaza
New Courtneyville, MA 17368"
1152,Gary,Reynolds,Marketing,adrienneroberts@example.net,001-261-822-0816x714,Active,$4213,2022-03-28,,"26044 Lester Radial
Lake Jessicaberg, MH 32378"
1153,Harold,Baker,Marketing,sfrazier@example.net,+1-367-892-8226,Terminated,5461,2024-12-04,2023-01-21,"015 Joseph Knolls
Lake Michellechester, NH 68280"
1154,Noah,Rhodes,Engineering,gomezdouglas@example.org,3495842829,Active,5089,2025-03-13,,"513 Castro Stream
North Gavinbury, NJ 15858"
1155,Pamela,Garcia,Finance,moorejoseph@example.org,627-988-7754,Active,9742,2025-04-02,,"79211 White Fords Apt. 379
New Marie, OK 03104"
1156,Gary,Boyd,Finance,williamsmichael@example.com,5065424899,Active,7569,2024-07-30,,"USCGC Williams
FPO AP 81249"
1157,Paul,Miller,HR,thomassara@example.org,+1-237-492-7890x9042,Active,8235,2021-07-18,,"242 Green Mountain
Lake Erikside, ND 22322"
1158,Michael,Davis,Ops,igarcia@example.net,944-394-9106,Terminated,6309,2025-10-28,2022-08-09,"29030 Moreno Parkways
Lake Robertfurt, IA 43570"
1159,Melinda,Jones,HR,rrice@example.net,001-598-865-2088,Terminated,8164,2021-07-14,2025-06-20,"2961 Alan Lodge
Yorkland, RI 35454"
1160,Cynthia,Schroeder,Engineering,davidlam@example.com,+1-384-240-5723,Terminated,6527,2025-04-01,2022-02-17,"53930 Christensen Court Apt. 796
Alexandertown, UT 62622"
1161,Marcus,Sparks,Ops,gerald36@example.org,630-340-4819,Active,7298,2024-09-11,,"0129 Hubbard Mountains Apt. 084
Lake Kimberlystad, IA 97136"
1162,Deborah,Mccullough,HR,user_no_domain,293.683.8181,Terminated,5614,2021-11-24,2023-06-28,"789 Vargas Heights Suite 044
East Annaberg, MO 69126"
1163,Nathan,Taylor,HR,tammy89@example.org,255.700.3569x7096,Terminated,3168,2022-08-21,2025-03-10,"1615 Christopher Estate
Hendersonview, TX 19262"
1164,Brandon,Campos,Marketing,zmiller@example.com,+1-877-824-1265,Terminated,8757,2024-11-12,2022-03-06,"PSC 7704, Box 2126
APO AA 82810"
1165,Angela,Silva,HR,christopherhernandez@example.org,(241)383-6997x885,Terminated,$6333,2021-06-18,2025-09-11,"25416 Morris Views
Port Victoriafurt, NC 95781"
1166,Hayley,Williams,Finance,kim70@example.net,314-984-7383,Terminated,7499,2021-04-11,2022-04-24,"PSC 8880, Box 4658
APO AE 58263"
1167,Jason,Patton,Sales,chungamber@example.net,594-958-0214x9282,Active,8833,2021-11-19,,"5844 Ayala Divide Apt. 698
Port Heather, VI 76222"
1168,Lori,Hutchinson,Finance,nharris@example.org,+1-291-264-9152x1962,Active,9106,2021-04-14,,"488 Cox Fords Apt. 833
Ellismouth, KS 42628"
1169,William,Cisneros,HR,stephaniehale@example.org,(520)492-8508x404,Terminated,8249,2022-07-11,2024-11-01,"07425 Clayton Plains
Lake Kerrymouth, NJ 36441"
1170,William,Jackson,Engineering,thomas83@example.net,593-244-0487x87760,Terminated,5402,2024-04-23,2024-07-15,"46638 Jerry Rapid
North Amy, NY 35656"
1171,Allison,Collier,Legal,angelawalsh@example.org,963.773.1210x63795,Active,9195,2024-06-23,,"0643 Roberts Lights Apt. 851
West Denise, MI 02660"
1172,Jeffrey,Lucero,Marketing,mark06@example.net,+1-277-207-2696x25527,Terminated,7958,2021-10-28,2025-03-16,"013 Andrew Springs
Henryville, KY 59304"
1173,Olivia,Lee,Marketing,glenn88@example.com,984-399-0073x2681,Active,8236,2024-02-10,,"17232 Prince Pass
West Mary, ND 93999"
1174,Sara,Silva,Ops,meyerjames@example.com,001-674-740-8969x0509,Terminated,9384,2023-10-31,2021-02-12,"7126 Stone Heights Suite 807
Lake Daniel, RI 38450"
1175,Stacie,Martin,Sales,nstone@example.net,949.441.1054x45271,Terminated,$5143,2024-06-02,2021-11-06,"076 Simon Estates
Kristentown, AZ 46558"
1176,Connie,Miller,Legal,smithamanda@example.com,001-563-775-5863,Active,8334,2022-05-03,,"52677 Foster Mountains
Lake Marcusmouth, DE 72733"
1177,Rachel,Hicks,HR,cfranco@example.net,311-800-0556,Terminated,3536,2024-11-30,2024-01-25,"01617 Taylor Knoll
Chambersberg, VI 76384"
1178,Misty,Smith,HR,beantamara@example.com,001-866-728-3450,Terminated,8025,2024-10-06,2023-12-08,"19283 Gregory Fields
South Karen, WY 28853"
1179,Susan,Holmes,Legal,user_no_domain,835-848-1229x69861,Active,7487,2021-02-14,,"4238 Amanda Burgs
Parkermouth, ID 59934"
1180,Joseph,Brown,Legal,michaeldelgado@example.com,897-960-3907x5237,Terminated,4367,2022-01-25,2025-01-18,"65812 Mandy Park
Lake Wendyton, HI 32567"
1181,Steven,Davidson,Finance,user_no_domain,864-690-9192x880,Active,4852,2022-07-05,,"430 Collins Loop
Whiteton, FL 07620"
1182,Maureen,Bell,Marketing,rhodestimothy@example.com,685.670.4711,Active,9441,2023-06-05,,"54997 Jared Roads Suite 618
Port Carolyn, UT 84706"
1183,Natalie,Moss,Ops,ggarcia@example.net,+1-880-318-9732x347,Terminated,8373,2023-12-24,2024-12-19,"094 Stewart Point Suite 062
Sylviamouth, AL 19825"
1184,Katherine,Nichols,HR,briannacalderon@example.org,+1-737-562-3048x150,Terminated,9610,2023-01-28,2023-07-03,"80084 Gwendolyn Ferry Suite 567
Masonfort, UT 20589"
1185,Jimmy,Jordan,Engineering,sampsonemma@example.org,241.985.9269x765,Terminated,8946,2021-12-20,2022-09-12,"4841 April Creek Apt. 488
Michelestad, WI 42218"
1186,Brett,Wright,Engineering,trevor18@example.com,225.530.0972x93370,Terminated,7565,2022-04-28,2023-04-10,"121 Brianna Viaduct Apt. 673
North Andrew, ID 01323"
1187,Alyssa,Taylor,Sales,wendybrewer@example.org,001-944-562-2891x67803,Terminated,4257,2025-12-02,2024-08-24,"USS Hunt
FPO AP 77288"
1188,Allison,Rodriguez,HR,user_no_domain,001-469-383-7875x67657,Terminated,7675,2021-08-10,2024-11-11,"1635 Lee Viaduct Suite 288
Williamside, RI 19812"
1189,Matthew,Macias,Legal,ortizjames@example.net,655.571.0495,Terminated,5273,2025-03-01,2025-06-16,"9461 Kenneth Mills
South David, OH 27433"
1190,Sabrina,Mcdowell,Engineering,user_no_domain,+1-872-390-4916x3883,Terminated,3434,2024-08-24,2021-08-12,"48471 Krueger Parks
West Daniel, MS 04541"
1191,Allison,Wheeler,Sales,zavalajason@example.com,882-475-5596x47098,Active,11090,2023-10-29,,"29810 Michele Trail Suite 111
East Michael, NV 63169"
1192,Rachel,Murray,Ops,rharris@example.net,846.575.0949x97812,Terminated,4810,2022-01-04,2022-11-03,"6606 Michael Stravenue
Port Kimberlyland, MD 61417"
1193,James,Alexander,Finance,garrettmicheal@example.org,952-608-8192,Terminated,8738,2025-07-07,2024-07-09,"98385 Stephen Trafficway
Brooketown, OK 55789"
1194,Laura,Graham,Sales,williamsluke@example.org,(537)445-2135x92013,Active,8479,2022-10-17,,"5729 Jacqueline Branch Suite 624
Markview, GA 69939"
1195,Walter,Caldwell,Finance,brownfernando@example.org,001-525-893-5497x72277,Terminated,7070,2022-05-16,2025-06-07,"45641 Mcintosh Terrace
East Cassandra, GA 65500"
1196,Caitlyn,King,Engineering,jessica75@example.com,269.744.4518,Active,6526,2021-06-18,,"541 Fuentes Island
New Amberborough, IL 32778"
1197,Michael,Wright,Finance,justinhull@example.net,001-645-663-7236x183,Active,$9074,2023-08-09,,"9984 Alexis Plain
West Debra, LA 02831"
1198,Nicole,Williams,HR,user_no_domain,237-268-7629,Terminated,3834,2021-05-14,2022-09-11,"900 Jennifer Corners Apt. 196
North Susan, OK 88050"
1199,Catherine,Salas,Legal,hlindsey@example.net,001-369-951-7077,Terminated,7896,2022-07-22,2023-07-04,"61367 Tanner Course
North Oscartown, ND 92526"
1200,Kelly,Chandler,Sales,kelly57@example.net,+1-465-681-4139x10745,Terminated,$3350,2022-05-12,2022-10-13,"PSC 9785, Box 4508
APO AA 60140"
